Account ID,Account Name
"0011700001JMiclAAD","testagainbill7"
"0011700001JMicmAAD","testagainbill14"
"0011700001JMicnAAD","testagainbill4"
"0011700001JMicoAAD","testagainbill12"
"0011700001JMicpAAD","testagainbill3"
"0011700001JMicqAAD","testagainbill"
"0011700001JMicrAAD","testagainbill11"
"0011700001JMicsAAD","testagainbill16"
"0011700001JMictAAD","testagainbill15"
"0011700001JMicuAAD","testagainbill9"
"0011700001JMicvAAD","testagainbill6"
"0011700001JMicwAAD","testagainbill10"
"0011700001JMicxAAD","testagainbill5"
"0011700001JMicyAAD","testagainbill8"
"0011700001JMiczAAD","testagainbill2"
"0011700001JMid0AAD","Wellspring, Inc."
"0011700001JMid1AAD","Unknown Customer"
"0011700001JMid2AAD","Momentum Design"
"0011700001JMid3AAD","Acme Partners"
"0011700001JMid4AAD","Southern Solutions"
"0011700001JMid5AAD","Ohana, Inc."
"0011700001JMid6AAD","Displaytech"
"0011700001JMid7AAD","Summit Resellers"
"0011700001JMid8AAD","Meridian Partners"
"0011700001JMid9AAD","Pinnacle Partners"
"0011700001JMidAAAT","Vand Enterprises, Inc."
"0011700001JMidBAAT","Advanced Communications"
"0011700001JMidCAAT","Upstyle Inc."
"0011700001JMidDAAT","Tech Labs"
"0011700001JMidEAAT","Red Studio Designs"
"0011700001JMidFAAT","Larry Baxter"
"0011700001JMidGAAT","Valley Supply Inc."
"0011700001JMidHAAT","General Utilities"
"0011700001JMidIAAT","Missoula & Sons Inc."
"0011700001JMidJAAT","Morpon Brothers"
"0011700001JMidKAAT","Universal Services"
"0011700001JMidLAAT","Anaco Limited"
"0011700001JMidMAAT","Associated Supply Co."
"0011700001JMidNAAT","Allied Technologies"
"0011700001JMidOAAT","Big Sky & Sons"
"0011700001JMidPAAT","Peter Houston"
"0011700001JMidQAAT","Homeland Company"
"0011700001JMidRAAT","Ohana Financial Services"
"0011700001JMidSAAT","Amptech Corporation"
"0011700001JMidTAAT","Integrity Systems"
"0011700001JMidUAAT","Silodyne Company"
"0011700001JMidVAAT","PortalAccount"
"0011700001JMidWAAT","CCAnonymous"
"0011700001JMidXAAT","Ohana Systems"
"0011700001JMidYAAT","Ohana Technologies"
"0011700001JMidZAAT","Biospan, LLC."
"0011700001JMidaAAD","Assurity Corporation"
"0011700001JMidbAAD","Plasmosis, Inc."
"0011700001JMidcAAD","Accusage, Inc."
"0011700001JMiddAAD","NetAssist, Inc."
"0011700001JMideAAD","Tammy Baxter"
"0011700001JMidfAAD","Russell Hartman"
"0011700001JMidgAAD","Mike Welch"
"0011700001JMidhAAD","Karen Wells"
"0011700001JMidiAAD","Mina Passini"
"0011700001JMidjAAD","Stacy McNeil"
"0011700001JMidkAAD","Deanna Collins"
"0011700001JMidlAAD","Andy Peterson"
"0011700001JMidmAAD","Anne Frost"
"0011700001JMidnAAD","Robert Janzen"
"0011700001JMidoAAD","Heath Axworth"
"0011700001JMidpAAD","Duncan Macintosh"
"0011700001JMidqAAD","Lance Gonzales"
"0011700001JMidrAAD","Gabe Hoskins"
"0011700001JMidsAAD","Robert Simpson"
"0011700001JMidtAAD","Mike Garcia"
"0011700001JMiduAAD","Mark Smith"
"0011700001JMidvAAD","Zenith Distributors"
"0011700001JMidwAAD","Green Fields Media"
"0011700001JMidxAAD","Robert Weiss"
"0011700001JMidyAAD","Datanet, Inc."
"0011700001JMidzAAD","Inventure, Inc."
"0011700001JMie0AAD","Aims Social, Inc."
"0011700001JMie1AAD","Universal Containers"
"0011700001JMie2AAD","Ohana Insurance"
"0011700001JMie3AAD","Opportunity Resources Inc"
"0011700001JMie4AAD","XPower"
"0011700001JMie5AAD","Open Source Inc."
"0011700001JMie6AAD","Towson Inc."
"0011700001JMie7AAD","Optos Inc."
"0011700001JMie8AAD","UlyssesNet"
"0011700001JMie9AAD","Permadyne GmbH, LTD"
"0011700001JMieAAAT","Employnet"
"0011700001JMieBAAT","Tyconet"
"0011700001JMieCAAT","Haven Enterprises"
"0011700001JMieDAAT","Goodman Imports"
"0011700001JMieEAAT","Roseburg Products"
"0011700001JMieFAAT","Gusto Manufacturing"
"0011700001JMieGAAT","Harmon Consulting"
"0011700001JMieHAAT","AJC Corporation"
"0011700001JMieIAAT","Troy Bullock"
"0011700001JMieJAAT","Mike Malmin"
"0011700001JMieKAAT","Kari Rende"
"0011700001JMieLAAT","Jon Allegri"
"0011700001JMieMAAT","Niki Sullivan"
"0011700001JMieNAAT","Chip Colli"
"0011700001JMieOAAT","Bob Warkentine"
"0011700001JMiePAAT","Steve Sutherland"
"0011700001JMieQAAT","Benjamin Young"
"0011700001JMieRAAT","Nicole Grace"
"0011700001JMgUzAAL","Sample Account for Entitlements"
"0011700001JMi8GAAT","Bill Anderson"
